HH Profile_ID,14Q_Scheme,9Q_Scheme
2,Scheme 1,Scheme 1
3,Scheme 2,Scheme 2
4,Scheme 2,Scheme 2
5,Scheme 3,Scheme 3
6,Scheme 1,Scheme 2
7,Scheme 2,Scheme 2
9,Scheme 2,Scheme 2
10,Scheme 3,Scheme 3
12,Scheme 1,Scheme 2
13,Scheme 2,Scheme 3
14,Scheme 3,Scheme 3
15,Scheme 3,Scheme 3
18,Scheme 2,Scheme 3
19,Scheme 2,Scheme 3
20,Scheme 2,Scheme 2
21,Scheme 3,Scheme 3
22,Scheme 1,Scheme 1
23,Scheme 3,Scheme 3
24,Scheme 1,Scheme 1
25,Scheme 1,Scheme 2
28,Scheme 3,Scheme 3
30,Scheme 1,Scheme 1
31,Scheme 1,Scheme 1
32,Scheme 3,Scheme 3
35,Scheme 3,Scheme 3
38,Scheme 2,Scheme 3
41,Scheme 1,Scheme 1
42,Scheme 3,Scheme 3
44,Scheme 2,Scheme 3
47,Scheme 3,Scheme 3
52,Scheme 3,Scheme 3
53,Scheme 2,Scheme 3
54,Scheme 3,Scheme 3
56,Scheme 1,Scheme 1
58,Scheme 2,Scheme 2
59,Scheme 1,Scheme 2
60,Scheme 3,Scheme 3
61,Scheme 1,Scheme 1
62,Scheme 2,Scheme 3
63,Scheme 3,Scheme 3
64,Scheme 3,Scheme 3
65,Scheme 1,Scheme 2
66,Scheme 3,Scheme 3
67,Scheme 1,Scheme 2
68,Scheme 2,Scheme 2
70,Scheme 1,Scheme 1
71,Scheme 3,Scheme 3
72,Scheme 3,Scheme 3
73,Scheme 3,Scheme 3
74,Scheme 2,Scheme 2
75,Scheme 3,Scheme 3
76,Scheme 3,Scheme 3
77,Scheme 1,Scheme 1
80,Scheme 3,Scheme 3
82,Scheme 2,Scheme 2
83,Scheme 3,Scheme 3
84,Scheme 3,Scheme 3
88,Scheme 2,Scheme 2
89,Scheme 3,Scheme 3
90,Scheme 3,Scheme 3
91,Scheme 1,Scheme 2
92,Scheme 2,Scheme 2
93,Scheme 3,Scheme 3
94,Scheme 3,Scheme 3
95,Scheme 3,Scheme 3
97,Scheme 2,Scheme 2
98,Scheme 1,Scheme 1
99,Scheme 2,Scheme 2
103,Scheme 1,Scheme 1
104,Scheme 3,Scheme 3
105,Scheme 2,Scheme 2
106,Scheme 2,Scheme 2
108,Scheme 1,Scheme 1
109,Scheme 2,Scheme 2
110,Scheme 2,Scheme 2
111,Scheme 3,Scheme 3
112,Scheme 1,Scheme 1
113,Scheme 3,Scheme 3
115,Scheme 1,Scheme 2
116,Scheme 2,Scheme 3
117,Scheme 1,Scheme 1
119,Scheme 2,Scheme 2
120,Scheme 3,Scheme 3
121,Scheme 3,Scheme 3
122,Scheme 1,Scheme 1
123,Scheme 1,Scheme 1
125,Scheme 3,Scheme 3
129,Scheme 3,Scheme 3
131,Scheme 3,Scheme 3
132,Scheme 3,Scheme 3
133,Scheme 3,Scheme 3
134,Scheme 3,Scheme 3
135,Scheme 1,Scheme 1
136,Scheme 3,Scheme 3
137,Scheme 3,Scheme 3
138,Scheme 1,Scheme 1
139,Scheme 1,Scheme 1
141,Scheme 1,Scheme 1
142,Scheme 2,Scheme 3
143,Scheme 3,Scheme 3
144,Scheme 3,Scheme 3
146,Scheme 3,Scheme 3
147,Scheme 3,Scheme 3
151,Scheme 3,Scheme 3
152,Scheme 2,Scheme 2
154,Scheme 2,Scheme 2
156,Scheme 3,Scheme 3
157,Scheme 2,Scheme 2
158,Scheme 3,Scheme 3
159,Scheme 1,Scheme 1
160,Scheme 3,Scheme 3
161,Scheme 2,Scheme 2
162,Scheme 2,Scheme 2
164,Scheme 2,Scheme 2
165,Scheme 3,Scheme 3
166,Scheme 2,Scheme 3
167,Scheme 3,Scheme 3
168,Scheme 3,Scheme 3
169,Scheme 3,Scheme 3
171,Scheme 2,Scheme 3
173,Scheme 1,Scheme 1
174,Scheme 2,Scheme 2
175,Scheme 3,Scheme 3
177,Scheme 3,Scheme 3
178,Scheme 2,Scheme 3
179,Scheme 3,Scheme 3
181,Scheme 3,Scheme 3
182,Scheme 2,Scheme 2
183,Scheme 3,Scheme 3
184,Scheme 2,Scheme 3
185,Scheme 3,Scheme 3
186,Scheme 2,Scheme 2
187,Scheme 3,Scheme 3
188,Scheme 3,Scheme 3
190,Scheme 3,Scheme 3
191,Scheme 3,Scheme 3
192,Scheme 1,Scheme 1
194,Scheme 2,Scheme 2
195,Scheme 3,Scheme 3
196,Scheme 3,Scheme 3
197,Scheme 3,Scheme 3
198,Scheme 3,Scheme 3
199,Scheme 3,Scheme 3
200,Scheme 3,Scheme 3
201,Scheme 3,Scheme 3
202,Scheme 2,Scheme 3
204,Scheme 1,Scheme 1
206,Scheme 3,Scheme 3
207,Scheme 3,Scheme 3
208,Scheme 2,Scheme 2
209,Scheme 2,Scheme 3
210,Scheme 3,Scheme 3
211,Scheme 3,Scheme 3
212,Scheme 3,Scheme 3
213,Scheme 1,Scheme 1
214,Scheme 3,Scheme 3
215,Scheme 3,Scheme 3
216,Scheme 3,Scheme 3
217,Scheme 2,Scheme 3
218,Scheme 3,Scheme 3
219,Scheme 2,Scheme 3
220,Scheme 3,Scheme 3
221,Scheme 3,Scheme 3
222,Scheme 3,Scheme 3
224,Scheme 2,Scheme 2
225,Scheme 3,Scheme 3
226,Scheme 2,Scheme 3
227,Scheme 3,Scheme 3
228,Scheme 3,Scheme 3
229,Scheme 3,Scheme 3
230,Scheme 2,Scheme 3
231,Scheme 3,Scheme 3
232,Scheme 3,Scheme 3
233,Scheme 2,Scheme 3
235,Scheme 2,Scheme 2
236,Scheme 3,Scheme 3
237,Scheme 3,Scheme 3
239,Scheme 2,Scheme 2
240,Scheme 2,Scheme 3
242,Scheme 3,Scheme 3
243,Scheme 3,Scheme 3
244,Scheme 3,Scheme 3
245,Scheme 3,Scheme 3
246,Scheme 2,Scheme 2
247,Scheme 3,Scheme 3
248,Scheme 2,Scheme 2
249,Scheme 2,Scheme 2
251,Scheme 3,Scheme 3
252,Scheme 3,Scheme 3
253,Scheme 3,Scheme 3
254,Scheme 3,Scheme 3
255,Scheme 3,Scheme 3
256,Scheme 3,Scheme 3
257,Scheme 1,Scheme 2
258,Scheme 3,Scheme 3
259,Scheme 2,Scheme 2
260,Scheme 3,Scheme 3
261,Scheme 3,Scheme 3
263,Scheme 2,Scheme 3
265,Scheme 2,Scheme 3
266,Scheme 3,Scheme 3
267,Scheme 2,Scheme 2
269,Scheme 2,Scheme 2
272,Scheme 2,Scheme 3
274,Scheme 2,Scheme 3
275,Scheme 1,Scheme 1
276,Scheme 3,Scheme 3
277,Scheme 2,Scheme 2
278,Scheme 3,Scheme 3
280,Scheme 3,Scheme 3
281,Scheme 1,Scheme 2
282,Scheme 3,Scheme 3
284,Scheme 2,Scheme 3
285,Scheme 3,Scheme 3
286,Scheme 2,Scheme 2
287,Scheme 3,Scheme 3
288,Scheme 3,Scheme 3
289,Scheme 3,Scheme 3
290,Scheme 3,Scheme 3
291,Scheme 1,Scheme 2
292,Scheme 3,Scheme 3
293,Scheme 1,Scheme 2
294,Scheme 2,Scheme 2
295,Scheme 3,Scheme 3
298,Scheme 3,Scheme 3
299,Scheme 3,Scheme 3
302,Scheme 3,Scheme 3
303,Scheme 3,Scheme 3
304,Scheme 3,Scheme 3
305,Scheme 3,Scheme 3
307,Scheme 3,Scheme 3
308,Scheme 3,Scheme 3
309,Scheme 3,Scheme 3
310,Scheme 1,Scheme 1
311,Scheme 1,Scheme 1
313,Scheme 3,Scheme 3
315,Scheme 3,Scheme 3
317,Scheme 3,Scheme 3
318,Scheme 1,Scheme 1
319,Scheme 3,Scheme 3
320,Scheme 2,Scheme 2
322,Scheme 3,Scheme 3
323,Scheme 3,Scheme 3
325,Scheme 2,Scheme 3
326,Scheme 3,Scheme 3
328,Scheme 3,Scheme 3
329,Scheme 2,Scheme 3
331,Scheme 3,Scheme 3
333,Scheme 2,Scheme 2
334,Scheme 3,Scheme 3
335,Scheme 3,Scheme 3
338,Scheme 3,Scheme 3
339,Scheme 3,Scheme 3
340,Scheme 2,Scheme 3
341,Scheme 3,Scheme 3
342,Scheme 3,Scheme 3
343,Scheme 2,Scheme 2
344,Scheme 2,Scheme 2
345,Scheme 2,Scheme 2
347,Scheme 3,Scheme 3
348,Scheme 3,Scheme 3
349,Scheme 3,Scheme 3
350,Scheme 3,Scheme 3
351,Scheme 3,Scheme 3
352,Scheme 3,Scheme 3
353,Scheme 3,Scheme 3
355,Scheme 1,Scheme 1
356,Scheme 2,Scheme 3
357,Scheme 3,Scheme 3
358,Scheme 1,Scheme 1
359,Scheme 2,Scheme 2
361,Scheme 3,Scheme 3
362,Scheme 3,Scheme 3
363,Scheme 3,Scheme 3
364,Scheme 3,Scheme 3
365,Scheme 3,Scheme 3
366,Scheme 3,Scheme 3
371,Scheme 3,Scheme 3
372,Scheme 2,Scheme 2
373,Scheme 3,Scheme 3
374,Scheme 2,Scheme 2
375,Scheme 3,Scheme 3
376,Scheme 3,Scheme 3
377,Scheme 1,Scheme 2
378,Scheme 3,Scheme 3
379,Scheme 3,Scheme 3
380,Scheme 3,Scheme 3
381,Scheme 3,Scheme 3
382,Scheme 2,Scheme 2
383,Scheme 3,Scheme 3
384,Scheme 1,Scheme 1
385,Scheme 2,Scheme 2
386,Scheme 3,Scheme 3
388,Scheme 3,Scheme 3
389,Scheme 3,Scheme 3
390,Scheme 3,Scheme 3
391,Scheme 3,Scheme 3
392,Scheme 3,Scheme 3
393,Scheme 3,Scheme 3
394,Scheme 1,Scheme 1
395,Scheme 1,Scheme 1
396,Scheme 3,Scheme 3
398,Scheme 2,Scheme 3
399,Scheme 3,Scheme 3
400,Scheme 3,Scheme 3
401,Scheme 1,Scheme 1
402,Scheme 3,Scheme 3
404,Scheme 3,Scheme 3
405,Scheme 3,Scheme 3
407,Scheme 1,Scheme 2
408,Scheme 2,Scheme 2
409,Scheme 1,Scheme 2
410,Scheme 3,Scheme 3
411,Scheme 1,Scheme 2
414,Scheme 2,Scheme 2
417,Scheme 2,Scheme 2
418,Scheme 3,Scheme 3
419,Scheme 2,Scheme 3
420,Scheme 3,Scheme 3
421,Scheme 3,Scheme 3
422,Scheme 3,Scheme 3
423,Scheme 3,Scheme 3
424,Scheme 2,Scheme 2
426,Scheme 3,Scheme 3
428,Scheme 1,Scheme 1
429,Scheme 3,Scheme 3
430,Scheme 2,Scheme 2
431,Scheme 1,Scheme 2
432,Scheme 2,Scheme 2
434,Scheme 3,Scheme 3
435,Scheme 3,Scheme 3
437,Scheme 3,Scheme 3
438,Scheme 2,Scheme 2
439,Scheme 3,Scheme 3
440,Scheme 3,Scheme 3
441,Scheme 1,Scheme 1
442,Scheme 3,Scheme 3
443,Scheme 2,Scheme 2
446,Scheme 3,Scheme 3
447,Scheme 2,Scheme 2
448,Scheme 3,Scheme 3
449,Scheme 2,Scheme 3
450,Scheme 3,Scheme 3
451,Scheme 3,Scheme 3
456,Scheme 1,Scheme 1
458,Scheme 3,Scheme 3
460,Scheme 2,Scheme 3
461,Scheme 3,Scheme 3
462,Scheme 2,Scheme 3
463,Scheme 3,Scheme 3
464,Scheme 3,Scheme 3
467,Scheme 3,Scheme 3
469,Scheme 3,Scheme 3
470,Scheme 3,Scheme 3
471,Scheme 3,Scheme 3
472,Scheme 3,Scheme 3
473,Scheme 2,Scheme 2
474,Scheme 2,Scheme 2
475,Scheme 2,Scheme 3
476,Scheme 2,Scheme 3
477,Scheme 3,Scheme 3
480,Scheme 3,Scheme 3
481,Scheme 3,Scheme 3
482,Scheme 2,Scheme 3
484,Scheme 3,Scheme 3
485,Scheme 3,Scheme 3
487,Scheme 3,Scheme 3
488,Scheme 3,Scheme 3
489,Scheme 3,Scheme 3
491,Scheme 3,Scheme 3
492,Scheme 3,Scheme 3
493,Scheme 1,Scheme 2
495,Scheme 2,Scheme 3
496,Scheme 1,Scheme 1
497,Scheme 2,Scheme 2
498,Scheme 3,Scheme 3
499,Scheme 3,Scheme 3
500,Scheme 3,Scheme 3
501,Scheme 3,Scheme 3
502,Scheme 3,Scheme 3
503,Scheme 3,Scheme 3
504,Scheme 3,Scheme 3
505,Scheme 3,Scheme 3
506,Scheme 1,Scheme 2
507,Scheme 1,Scheme 1
508,Scheme 1,Scheme 1
509,Scheme 2,Scheme 2
510,Scheme 1,Scheme 2
511,Scheme 3,Scheme 3
512,Scheme 3,Scheme 3
513,Scheme 3,Scheme 3
514,Scheme 3,Scheme 3
517,Scheme 3,Scheme 3
519,Scheme 1,Scheme 1
520,Scheme 3,Scheme 3
522,Scheme 3,Scheme 3
523,Scheme 3,Scheme 3
524,Scheme 1,Scheme 1
526,Scheme 2,Scheme 2
527,Scheme 3,Scheme 3
528,Scheme 3,Scheme 3
529,Scheme 2,Scheme 3
530,Scheme 3,Scheme 3
531,Scheme 3,Scheme 3
532,Scheme 2,Scheme 2
533,Scheme 3,Scheme 3
534,Scheme 2,Scheme 3
535,Scheme 3,Scheme 3
536,Scheme 1,Scheme 1
537,Scheme 3,Scheme 3
539,Scheme 3,Scheme 3
540,Scheme 1,Scheme 1
541,Scheme 3,Scheme 3
542,Scheme 3,Scheme 3
543,Scheme 2,Scheme 3
545,Scheme 3,Scheme 3
547,Scheme 2,Scheme 2
548,Scheme 2,Scheme 2
549,Scheme 3,Scheme 3
550,Scheme 3,Scheme 3
551,Scheme 3,Scheme 3
552,Scheme 3,Scheme 3
553,Scheme 3,Scheme 3
554,Scheme 3,Scheme 3
556,Scheme 1,Scheme 1
557,Scheme 1,Scheme 1
558,Scheme 3,Scheme 3
559,Scheme 2,Scheme 2
561,Scheme 3,Scheme 3
562,Scheme 1,Scheme 1
563,Scheme 3,Scheme 3
564,Scheme 2,Scheme 2
565,Scheme 3,Scheme 3
566,Scheme 3,Scheme 3
567,Scheme 3,Scheme 3
568,Scheme 1,Scheme 2
569,Scheme 3,Scheme 3
570,Scheme 3,Scheme 3
571,Scheme 2,Scheme 2
572,Scheme 3,Scheme 3
573,Scheme 2,Scheme 2
574,Scheme 1,Scheme 2
576,Scheme 3,Scheme 3
577,Scheme 3,Scheme 3
578,Scheme 2,Scheme 3
579,Scheme 1,Scheme 2
581,Scheme 2,Scheme 3
582,Scheme 3,Scheme 3
583,Scheme 3,Scheme 3
584,Scheme 3,Scheme 3
585,Scheme 3,Scheme 3
586,Scheme 3,Scheme 3
587,Scheme 2,Scheme 2
588,Scheme 3,Scheme 3
589,Scheme 1,Scheme 1
591,Scheme 2,Scheme 3
593,Scheme 3,Scheme 3
594,Scheme 3,Scheme 3
595,Scheme 2,Scheme 3
598,Scheme 3,Scheme 3
601,Scheme 3,Scheme 3
602,Scheme 1,Scheme 1
604,Scheme 3,Scheme 3
605,Scheme 1,Scheme 1
606,Scheme 3,Scheme 3
607,Scheme 3,Scheme 3
608,Scheme 3,Scheme 3
610,Scheme 3,Scheme 3
611,Scheme 3,Scheme 3
612,Scheme 2,Scheme 2
613,Scheme 2,Scheme 2
614,Scheme 1,Scheme 1
615,Scheme 2,Scheme 3
616,Scheme 2,Scheme 2
617,Scheme 3,Scheme 3
618,Scheme 3,Scheme 3
619,Scheme 1,Scheme 1
620,Scheme 3,Scheme 3
621,Scheme 2,Scheme 3
622,Scheme 2,Scheme 3
623,Scheme 3,Scheme 3
624,Scheme 3,Scheme 3
625,Scheme 3,Scheme 3
626,Scheme 1,Scheme 1
628,Scheme 3,Scheme 3
630,Scheme 3,Scheme 3
631,Scheme 3,Scheme 3
632,Scheme 3,Scheme 3
633,Scheme 2,Scheme 2
635,Scheme 3,Scheme 3
636,Scheme 3,Scheme 3
637,Scheme 3,Scheme 3
638,Scheme 1,Scheme 1
639,Scheme 3,Scheme 3
641,Scheme 3,Scheme 3
643,Scheme 3,Scheme 3
644,Scheme 3,Scheme 3
645,Scheme 2,Scheme 3
646,Scheme 3,Scheme 3
648,Scheme 3,Scheme 3
649,Scheme 2,Scheme 3
650,Scheme 3,Scheme 3
651,Scheme 3,Scheme 3
653,Scheme 2,Scheme 2
654,Scheme 3,Scheme 3
655,Scheme 3,Scheme 3
659,Scheme 2,Scheme 2
660,Scheme 3,Scheme 3
664,Scheme 3,Scheme 3
665,Scheme 2,Scheme 3
666,Scheme 3,Scheme 3
667,Scheme 1,Scheme 1
668,Scheme 3,Scheme 3
669,Scheme 2,Scheme 3
670,Scheme 1,Scheme 1
671,Scheme 3,Scheme 3
672,Scheme 1,Scheme 1
673,Scheme 1,Scheme 1
675,Scheme 1,Scheme 2
678,Scheme 1,Scheme 2
679,Scheme 3,Scheme 3
680,Scheme 2,Scheme 2
682,Scheme 2,Scheme 3
683,Scheme 2,Scheme 2
684,Scheme 3,Scheme 3
686,Scheme 1,Scheme 1
687,Scheme 3,Scheme 3
689,Scheme 2,Scheme 3
691,Scheme 3,Scheme 3
692,Scheme 3,Scheme 3
694,Scheme 2,Scheme 3
696,Scheme 1,Scheme 2
698,Scheme 1,Scheme 1
699,Scheme 3,Scheme 3
700,Scheme 3,Scheme 3
701,Scheme 3,Scheme 3
702,Scheme 2,Scheme 2
703,Scheme 2,Scheme 2
705,Scheme 2,Scheme 2
706,Scheme 3,Scheme 3
707,Scheme 3,Scheme 3
708,Scheme 2,Scheme 2
709,Scheme 2,Scheme 3
712,Scheme 3,Scheme 3
713,Scheme 1,Scheme 1
714,Scheme 2,Scheme 2
715,Scheme 3,Scheme 3
716,Scheme 3,Scheme 3
717,Scheme 2,Scheme 2
718,Scheme 2,Scheme 2
719,Scheme 3,Scheme 3
720,Scheme 2,Scheme 2
721,Scheme 3,Scheme 3
722,Scheme 1,Scheme 1
723,Scheme 2,Scheme 2
725,Scheme 2,Scheme 3
727,Scheme 3,Scheme 3
728,Scheme 3,Scheme 3
730,Scheme 3,Scheme 3
731,Scheme 3,Scheme 3
732,Scheme 3,Scheme 3
733,Scheme 3,Scheme 3
735,Scheme 2,Scheme 2
736,Scheme 1,Scheme 1
737,Scheme 3,Scheme 3
738,Scheme 3,Scheme 3
740,Scheme 1,Scheme 1
742,Scheme 3,Scheme 3
743,Scheme 3,Scheme 3
745,Scheme 2,Scheme 2
746,Scheme 3,Scheme 3
747,Scheme 3,Scheme 3
749,Scheme 1,Scheme 2
750,Scheme 3,Scheme 3
751,Scheme 2,Scheme 3
752,Scheme 3,Scheme 3
753,Scheme 3,Scheme 3
754,Scheme 1,Scheme 2
755,Scheme 1,Scheme 2
757,Scheme 1,Scheme 1
758,Scheme 3,Scheme 3
759,Scheme 3,Scheme 3
760,Scheme 2,Scheme 2
762,Scheme 3,Scheme 3
763,Scheme 2,Scheme 2
764,Scheme 3,Scheme 3
766,Scheme 2,Scheme 2
769,Scheme 3,Scheme 3
770,Scheme 3,Scheme 3
771,Scheme 3,Scheme 3
774,Scheme 1,Scheme 1
775,Scheme 1,Scheme 2
776,Scheme 3,Scheme 3
777,Scheme 3,Scheme 3
781,Scheme 1,Scheme 1
782,Scheme 3,Scheme 3
783,Scheme 3,Scheme 3
785,Scheme 3,Scheme 3
786,Scheme 2,Scheme 3
787,Scheme 2,Scheme 2
788,Scheme 3,Scheme 3
790,Scheme 1,Scheme 1
793,Scheme 3,Scheme 3
794,Scheme 1,Scheme 1
796,Scheme 3,Scheme 3
798,Scheme 2,Scheme 2
799,Scheme 1,Scheme 1
801,Scheme 2,Scheme 2
803,Scheme 1,Scheme 1
804,Scheme 2,Scheme 2
805,Scheme 3,Scheme 3
806,Scheme 1,Scheme 1
809,Scheme 1,Scheme 1
810,Scheme 2,Scheme 3
811,Scheme 3,Scheme 3
813,Scheme 2,Scheme 3
814,Scheme 1,Scheme 1
815,Scheme 3,Scheme 3
816,Scheme 2,Scheme 3
817,Scheme 3,Scheme 3
818,Scheme 2,Scheme 3
821,Scheme 3,Scheme 3
822,Scheme 3,Scheme 3
823,Scheme 3,Scheme 3
824,Scheme 3,Scheme 3
825,Scheme 2,Scheme 2
829,Scheme 1,Scheme 1
831,Scheme 3,Scheme 3
832,Scheme 3,Scheme 3
833,Scheme 2,Scheme 2
835,Scheme 3,Scheme 3
836,Scheme 3,Scheme 3
837,Scheme 3,Scheme 3
839,Scheme 2,Scheme 2
841,Scheme 1,Scheme 2
842,Scheme 1,Scheme 1
845,Scheme 1,Scheme 1
846,Scheme 3,Scheme 3
847,Scheme 3,Scheme 3
848,Scheme 2,Scheme 3
849,Scheme 2,Scheme 2
850,Scheme 3,Scheme 3
851,Scheme 2,Scheme 3
853,Scheme 1,Scheme 2
854,Scheme 1,Scheme 2
855,Scheme 3,Scheme 3
856,Scheme 2,Scheme 2
858,Scheme 2,Scheme 2
859,Scheme 3,Scheme 3
860,Scheme 3,Scheme 3
861,Scheme 1,Scheme 1
862,Scheme 3,Scheme 3
863,Scheme 3,Scheme 3
865,Scheme 2,Scheme 2
866,Scheme 3,Scheme 3
867,Scheme 3,Scheme 3
868,Scheme 3,Scheme 3
869,Scheme 3,Scheme 3
871,Scheme 3,Scheme 3
877,Scheme 3,Scheme 3
879,Scheme 3,Scheme 3
880,Scheme 3,Scheme 3
882,Scheme 3,Scheme 3
883,Scheme 3,Scheme 3
884,Scheme 3,Scheme 3
886,Scheme 2,Scheme 2
888,Scheme 3,Scheme 3
889,Scheme 3,Scheme 3
890,Scheme 2,Scheme 3
891,Scheme 3,Scheme 3
892,Scheme 2,Scheme 2
895,Scheme 2,Scheme 2
896,Scheme 2,Scheme 2
897,Scheme 3,Scheme 3
898,Scheme 3,Scheme 3
900,Scheme 1,Scheme 2
902,Scheme 1,Scheme 1
906,Scheme 3,Scheme 3
907,Scheme 3,Scheme 3
908,Scheme 3,Scheme 3
909,Scheme 3,Scheme 3
910,Scheme 3,Scheme 3
911,Scheme 3,Scheme 3
913,Scheme 3,Scheme 3
914,Scheme 2,Scheme 3
915,Scheme 3,Scheme 3
916,Scheme 2,Scheme 3
917,Scheme 1,Scheme 1
918,Scheme 3,Scheme 3
919,Scheme 2,Scheme 3
921,Scheme 2,Scheme 2
922,Scheme 2,Scheme 3
924,Scheme 3,Scheme 3
925,Scheme 3,Scheme 3
927,Scheme 3,Scheme 3
928,Scheme 1,Scheme 1
929,Scheme 3,Scheme 3
932,Scheme 3,Scheme 3
934,Scheme 3,Scheme 3
935,Scheme 3,Scheme 3
936,Scheme 3,Scheme 3
937,Scheme 2,Scheme 3
938,Scheme 2,Scheme 2
939,Scheme 2,Scheme 2
942,Scheme 3,Scheme 3
943,Scheme 1,Scheme 1
944,Scheme 1,Scheme 1
945,Scheme 2,Scheme 2
946,Scheme 1,Scheme 2
949,Scheme 3,Scheme 3
950,Scheme 3,Scheme 3
951,Scheme 2,Scheme 2
952,Scheme 3,Scheme 3
953,Scheme 1,Scheme 1
958,Scheme 3,Scheme 3
960,Scheme 2,Scheme 2
961,Scheme 3,Scheme 3
962,Scheme 3,Scheme 3
965,Scheme 1,Scheme 1
966,Scheme 1,Scheme 1
969,Scheme 3,Scheme 3
970,Scheme 3,Scheme 3
973,Scheme 3,Scheme 3
974,Scheme 2,Scheme 3
976,Scheme 3,Scheme 3
977,Scheme 1,Scheme 2
979,Scheme 3,Scheme 3
980,Scheme 3,Scheme 3
981,Scheme 2,Scheme 3
982,Scheme 1,Scheme 2
983,Scheme 2,Scheme 2
984,Scheme 2,Scheme 2
985,Scheme 1,Scheme 1
986,Scheme 3,Scheme 3
987,Scheme 3,Scheme 3
989,Scheme 2,Scheme 2
991,Scheme 3,Scheme 3
992,Scheme 3,Scheme 3
993,Scheme 3,Scheme 3
994,Scheme 1,Scheme 2
995,Scheme 1,Scheme 1
996,Scheme 2,Scheme 2
997,Scheme 3,Scheme 3
998,Scheme 1,Scheme 2
999,Scheme 2,Scheme 3
1000,Scheme 2,Scheme 2
1002,Scheme 2,Scheme 2
1007,Scheme 2,Scheme 2
1008,Scheme 2,Scheme 2
1009,Scheme 1,Scheme 1
1010,Scheme 2,Scheme 3
1011,Scheme 3,Scheme 3
1012,Scheme 2,Scheme 2
1014,Scheme 1,Scheme 1
1018,Scheme 3,Scheme 3
1019,Scheme 2,Scheme 2
1020,Scheme 2,Scheme 2
1021,Scheme 3,Scheme 3
1022,Scheme 2,Scheme 2
1023,Scheme 2,Scheme 3
1026,Scheme 3,Scheme 3
1027,Scheme 2,Scheme 2
1028,Scheme 3,Scheme 3
1031,Scheme 2,Scheme 3
1032,Scheme 3,Scheme 3
1033,Scheme 1,Scheme 1
1034,Scheme 3,Scheme 3
1037,Scheme 2,Scheme 2
1038,Scheme 2,Scheme 2
1039,Scheme 2,Scheme 2
1040,Scheme 2,Scheme 2
1042,Scheme 2,Scheme 2
1043,Scheme 3,Scheme 3
1044,Scheme 3,Scheme 3
1045,Scheme 1,Scheme 1
1047,Scheme 2,Scheme 2
1048,Scheme 2,Scheme 2
1050,Scheme 3,Scheme 3
1052,Scheme 3,Scheme 3
1054,Scheme 1,Scheme 1
1056,Scheme 3,Scheme 3
1057,Scheme 2,Scheme 3
1059,Scheme 2,Scheme 3
1061,Scheme 1,Scheme 1
1063,Scheme 3,Scheme 3
1064,Scheme 1,Scheme 2
1065,Scheme 3,Scheme 3
1066,Scheme 1,Scheme 1
1067,Scheme 3,Scheme 3
1068,Scheme 3,Scheme 3
1070,Scheme 3,Scheme 3
1071,Scheme 2,Scheme 2
1072,Scheme 3,Scheme 3
1073,Scheme 2,Scheme 2
1074,Scheme 2,Scheme 2
1075,Scheme 2,Scheme 2
1077,Scheme 2,Scheme 2
1078,Scheme 2,Scheme 2
1079,Scheme 3,Scheme 3
1081,Scheme 2,Scheme 3
1082,Scheme 3,Scheme 3
1083,Scheme 1,Scheme 1
1086,Scheme 2,Scheme 2
1095,Scheme 3,Scheme 3
1096,Scheme 3,Scheme 3
1097,Scheme 2,Scheme 2
1098,Scheme 2,Scheme 2
1099,Scheme 2,Scheme 3
1100,Scheme 2,Scheme 2
1103,Scheme 2,Scheme 2
1104,Scheme 3,Scheme 3
1110,Scheme 1,Scheme 1
1111,Scheme 3,Scheme 3
1112,Scheme 1,Scheme 2
1115,Scheme 3,Scheme 3
1116,Scheme 1,Scheme 1
1117,Scheme 2,Scheme 2
1118,Scheme 2,Scheme 2
1119,Scheme 2,Scheme 2
1120,Scheme 2,Scheme 2
1121,Scheme 2,Scheme 2
1123,Scheme 2,Scheme 2
1126,Scheme 1,Scheme 1
1130,Scheme 2,Scheme 3
1131,Scheme 2,Scheme 3
1132,Scheme 3,Scheme 3
1134,Scheme 3,Scheme 3
1135,Scheme 1,Scheme 1
1140,Scheme 2,Scheme 2
1141,Scheme 1,Scheme 1
1144,Scheme 2,Scheme 2
1149,Scheme 1,Scheme 1
1150,Scheme 1,Scheme 1
1157,Scheme 2,Scheme 2
1159,Scheme 3,Scheme 3
1165,Scheme 2,Scheme 3
1167,Scheme 2,Scheme 3
1168,Scheme 3,Scheme 3
1170,Scheme 2,Scheme 3
1175,Scheme 2,Scheme 3
1176,Scheme 1,Scheme 1
1177,Scheme 1,Scheme 2
1178,Scheme 2,Scheme 2
1179,Scheme 1,Scheme 1
1181,Scheme 1,Scheme 2
1182,Scheme 1,Scheme 1
1185,Scheme 2,Scheme 2
1186,Scheme 2,Scheme 2
1189,Scheme 2,Scheme 2
1190,Scheme 1,Scheme 1
1196,Scheme 3,Scheme 3
1199,Scheme 1,Scheme 1
1200,Scheme 1,Scheme 2
1202,Scheme 2,Scheme 2
1203,Scheme 3,Scheme 3
1205,Scheme 1,Scheme 1
1206,Scheme 1,Scheme 2
1207,Scheme 1,Scheme 1
1210,Scheme 1,Scheme 2
1212,Scheme 1,Scheme 1
1214,Scheme 2,Scheme 2
1218,Scheme 3,Scheme 3
1219,Scheme 1,Scheme 1
1221,Scheme 3,Scheme 3
1223,Scheme 2,Scheme 2
1225,Scheme 3,Scheme 3
1226,Scheme 2,Scheme 2
1228,Scheme 2,Scheme 2
1233,Scheme 3,Scheme 3
1234,Scheme 3,Scheme 3
1235,Scheme 3,Scheme 3
1237,Scheme 3,Scheme 3
1238,Scheme 3,Scheme 3
1239,Scheme 2,Scheme 2
1240,Scheme 3,Scheme 3
1243,Scheme 2,Scheme 2
1245,Scheme 3,Scheme 3
1248,Scheme 1,Scheme 1
1249,Scheme 3,Scheme 3
1250,Scheme 1,Scheme 1
1252,Scheme 3,Scheme 3
1253,Scheme 3,Scheme 3
1255,Scheme 2,Scheme 2
1257,Scheme 2,Scheme 2
1258,Scheme 1,Scheme 1
1260,Scheme 3,Scheme 3
1261,Scheme 3,Scheme 3
1262,Scheme 3,Scheme 3
1263,Scheme 3,Scheme 3
1264,Scheme 1,Scheme 1
1265,Scheme 2,Scheme 3
1266,Scheme 2,Scheme 3
1268,Scheme 2,Scheme 2
1269,Scheme 2,Scheme 3
1270,Scheme 3,Scheme 3
1271,Scheme 1,Scheme 1
1272,Scheme 1,Scheme 1
1274,Scheme 1,Scheme 1
1275,Scheme 1,Scheme 1
1276,Scheme 2,Scheme 2
1278,Scheme 2,Scheme 2
1280,Scheme 2,Scheme 2
1281,Scheme 3,Scheme 3
1287,Scheme 3,Scheme 3
1288,Scheme 3,Scheme 3
1289,Scheme 3,Scheme 3
1290,Scheme 1,Scheme 1
1291,Scheme 3,Scheme 3
1292,Scheme 3,Scheme 3
1294,Scheme 3,Scheme 3
1297,Scheme 2,Scheme 2
1298,Scheme 3,Scheme 3
1299,Scheme 3,Scheme 3
1300,Scheme 2,Scheme 2
1301,Scheme 1,Scheme 1
1303,Scheme 2,Scheme 2
1305,Scheme 3,Scheme 3
1306,Scheme 3,Scheme 3
1307,Scheme 3,Scheme 3
1308,Scheme 2,Scheme 2
1309,Scheme 3,Scheme 3
1310,Scheme 2,Scheme 2
1311,Scheme 1,Scheme 1
1312,Scheme 2,Scheme 2
1313,Scheme 2,Scheme 2
1315,Scheme 3,Scheme 3
1316,Scheme 1,Scheme 2
1317,Scheme 1,Scheme 1
1318,Scheme 3,Scheme 3
1320,Scheme 3,Scheme 3
1321,Scheme 3,Scheme 3
1322,Scheme 3,Scheme 3
1323,Scheme 2,Scheme 2
1324,Scheme 3,Scheme 3
1325,Scheme 2,Scheme 2
1327,Scheme 3,Scheme 3
1332,Scheme 1,Scheme 1
1333,Scheme 1,Scheme 1
1334,Scheme 2,Scheme 2
1335,Scheme 2,Scheme 2
1336,Scheme 2,Scheme 2
1337,Scheme 3,Scheme 3
1339,Scheme 1,Scheme 1
1340,Scheme 1,Scheme 1
1342,Scheme 2,Scheme 2
1343,Scheme 1,Scheme 1
1344,Scheme 3,Scheme 3
1345,Scheme 2,Scheme 2
1346,Scheme 3,Scheme 3
1349,Scheme 3,Scheme 3
1350,Scheme 2,Scheme 2
1351,Scheme 3,Scheme 3
1352,Scheme 3,Scheme 3
1355,Scheme 2,Scheme 3
1358,Scheme 2,Scheme 2
1363,Scheme 2,Scheme 2
1364,Scheme 2,Scheme 2
1365,Scheme 2,Scheme 3
1367,Scheme 2,Scheme 2
1370,Scheme 3,Scheme 3
1371,Scheme 2,Scheme 2
1373,Scheme 2,Scheme 2
1374,Scheme 2,Scheme 2
1375,Scheme 3,Scheme 3
1377,Scheme 2,Scheme 2
1379,Scheme 1,Scheme 1
1380,Scheme 2,Scheme 2
1382,Scheme 1,Scheme 1
1383,Scheme 3,Scheme 3
1384,Scheme 2,Scheme 2
1385,Scheme 3,Scheme 3
1386,Scheme 2,Scheme 2
1387,Scheme 2,Scheme 2
1389,Scheme 2,Scheme 2
1392,Scheme 3,Scheme 3
1394,Scheme 2,Scheme 2
1395,Scheme 2,Scheme 2
1396,Scheme 3,Scheme 3
1397,Scheme 3,Scheme 3
1398,Scheme 2,Scheme 3
1401,Scheme 3,Scheme 3
1403,Scheme 3,Scheme 3
1404,Scheme 1,Scheme 1
1405,Scheme 3,Scheme 3
1406,Scheme 3,Scheme 3
1407,Scheme 2,Scheme 2
1408,Scheme 3,Scheme 3
1409,Scheme 3,Scheme 2
1410,Scheme 2,Scheme 1
1416,Scheme 1,Scheme 1
1417,Scheme 3,Scheme 3
1418,Scheme 2,Scheme 2
1419,Scheme 2,Scheme 3
1420,Scheme 2,Scheme 2
1421,Scheme 3,Scheme 3
1422,Scheme 2,Scheme 3
1424,Scheme 2,Scheme 2
1425,Scheme 3,Scheme 3
1427,Scheme 1,Scheme 2
1431,Scheme 2,Scheme 2
1432,Scheme 2,Scheme 2
1433,Scheme 3,Scheme 3
1434,Scheme 2,Scheme 2
1435,Scheme 3,Scheme 3
1436,Scheme 2,Scheme 2
1438,Scheme 3,Scheme 3
1439,Scheme 2,Scheme 2
1440,Scheme 2,Scheme 3
1441,Scheme 2,Scheme 2
1442,Scheme 3,Scheme 3
1443,Scheme 2,Scheme 2
1444,Scheme 2,Scheme 2
1445,Scheme 2,Scheme 2
1446,Scheme 3,Scheme 3
1447,Scheme 2,Scheme 2
1449,Scheme 2,Scheme 2
1451,Scheme 1,Scheme 1
1453,Scheme 2,Scheme 2
1454,Scheme 1,Scheme 1
1456,Scheme 3,Scheme 3
1457,Scheme 2,Scheme 2
1458,Scheme 2,Scheme 3
1459,Scheme 3,Scheme 3
1460,Scheme 3,Scheme 3
1464,Scheme 3,Scheme 3
1466,Scheme 2,Scheme 2
1467,Scheme 3,Scheme 3
1468,Scheme 2,Scheme 2
1469,Scheme 1,Scheme 1
1470,Scheme 1,Scheme 1
1471,Scheme 1,Scheme 2
1473,Scheme 2,Scheme 2
1475,Scheme 3,Scheme 3
1478,Scheme 3,Scheme 3
1479,Scheme 1,Scheme 1
1480,Scheme 2,Scheme 2
1481,Scheme 1,Scheme 2
1483,Scheme 3,Scheme 3
1484,Scheme 2,Scheme 2
1485,Scheme 3,Scheme 3
1486,Scheme 3,Scheme 3
1489,Scheme 3,Scheme 3
1491,Scheme 3,Scheme 3
1496,Scheme 2,Scheme 2
1497,Scheme 2,Scheme 3
1498,Scheme 1,Scheme 2
1501,Scheme 3,Scheme 3
1504,Scheme 2,Scheme 2
1505,Scheme 3,Scheme 3
1506,Scheme 3,Scheme 3
1507,Scheme 2,Scheme 2
1509,Scheme 3,Scheme 3
1510,Scheme 2,Scheme 2
1512,Scheme 2,Scheme 2
1513,Scheme 1,Scheme 1
1514,Scheme 3,Scheme 3
1517,Scheme 1,Scheme 1
1518,Scheme 2,Scheme 2
1519,Scheme 2,Scheme 2
1520,Scheme 2,Scheme 2
1521,Scheme 2,Scheme 2
1522,Scheme 3,Scheme 3
1524,Scheme 2,Scheme 3
1525,Scheme 2,Scheme 2
1527,Scheme 2,Scheme 2
1528,Scheme 3,Scheme 3
1529,Scheme 1,Scheme 1
1531,Scheme 1,Scheme 1
1532,Scheme 1,Scheme 1
1535,Scheme 2,Scheme 2
1536,Scheme 3,Scheme 3
1537,Scheme 2,Scheme 2
1541,Scheme 2,Scheme 2
1542,Scheme 2,Scheme 2
1543,Scheme 3,Scheme 3
1545,Scheme 3,Scheme 3
1546,Scheme 2,Scheme 2
1547,Scheme 2,Scheme 2
1548,Scheme 3,Scheme 3
1549,Scheme 3,Scheme 3
1550,Scheme 2,Scheme 2
1553,Scheme 2,Scheme 2
1554,Scheme 3,Scheme 3
1556,Scheme 3,Scheme 3
1557,Scheme 3,Scheme 3
1558,Scheme 3,Scheme 3
1559,Scheme 2,Scheme 3
1560,Scheme 2,Scheme 2
1561,Scheme 3,Scheme 3
1562,Scheme 2,Scheme 3
1563,Scheme 2,Scheme 2
1565,Scheme 3,Scheme 3
1566,Scheme 2,Scheme 2
1567,Scheme 2,Scheme 2
1568,Scheme 3,Scheme 3
1569,Scheme 3,Scheme 3
1570,Scheme 3,Scheme 3
1571,Scheme 2,Scheme 3
1573,Scheme 1,Scheme 1
1574,Scheme 2,Scheme 2
1575,Scheme 3,Scheme 3
1576,Scheme 2,Scheme 2
1578,Scheme 2,Scheme 2
1579,Scheme 3,Scheme 3
1580,Scheme 2,Scheme 2
1581,Scheme 1,Scheme 1
1582,Scheme 2,Scheme 2
1584,Scheme 3,Scheme 3
1586,Scheme 2,Scheme 2
1587,Scheme 2,Scheme 3
1588,Scheme 3,Scheme 3
1589,Scheme 3,Scheme 2
1590,Scheme 2,Scheme 2
1592,Scheme 2,Scheme 2
1594,Scheme 2,Scheme 2
1595,Scheme 2,Scheme 2
1596,Scheme 3,Scheme 3
1597,Scheme 2,Scheme 3
1598,Scheme 3,Scheme 3
1599,Scheme 3,Scheme 3
1600,Scheme 2,Scheme 3
1601,Scheme 3,Scheme 3
1602,Scheme 1,Scheme 1
1603,Scheme 2,Scheme 3
1605,Scheme 2,Scheme 2
1606,Scheme 3,Scheme 3
1607,Scheme 3,Scheme 3
1608,Scheme 3,Scheme 3
1610,Scheme 2,Scheme 3
1614,Scheme 2,Scheme 2
1615,Scheme 2,Scheme 2
1617,Scheme 2,Scheme 2
1621,Scheme 2,Scheme 2
1623,Scheme 3,Scheme 3
1624,Scheme 3,Scheme 3
1625,Scheme 2,Scheme 2
1626,Scheme 2,Scheme 2
1627,Scheme 2,Scheme 2
1630,Scheme 3,Scheme 3
1632,Scheme 2,Scheme 2
1633,Scheme 2,Scheme 2
1635,Scheme 2,Scheme 2
1636,Scheme 2,Scheme 2
1638,Scheme 2,Scheme 2
1639,Scheme 3,Scheme 3
1640,Scheme 3,Scheme 3
1642,Scheme 2,Scheme 2
1645,Scheme 2,Scheme 3
1646,Scheme 3,Scheme 3
1647,Scheme 2,Scheme 3
1648,Scheme 3,Scheme 3
1650,Scheme 2,Scheme 2
1652,Scheme 3,Scheme 3
1653,Scheme 1,Scheme 1
1654,Scheme 3,Scheme 3
1655,Scheme 3,Scheme 3
1656,Scheme 2,Scheme 2
1658,Scheme 2,Scheme 2
1659,Scheme 2,Scheme 2
1663,Scheme 2,Scheme 2
1664,Scheme 2,Scheme 2
1666,Scheme 3,Scheme 3
1670,Scheme 1,Scheme 1
1671,Scheme 2,Scheme 2
1672,Scheme 1,Scheme 1
1673,Scheme 2,Scheme 2
1676,Scheme 3,Scheme 3
1677,Scheme 1,Scheme 1
1679,Scheme 2,Scheme 2
1680,Scheme 3,Scheme 3
1683,Scheme 2,Scheme 2
1684,Scheme 3,Scheme 3
1685,Scheme 3,Scheme 3
1686,Scheme 3,Scheme 3
1690,Scheme 2,Scheme 2
1692,Scheme 3,Scheme 3
1694,Scheme 3,Scheme 3
1695,Scheme 2,Scheme 2
1697,Scheme 2,Scheme 2
1699,Scheme 1,Scheme 1
1701,Scheme 2,Scheme 2
1704,Scheme 2,Scheme 2
1705,Scheme 2,Scheme 2
1707,Scheme 1,Scheme 1
1710,Scheme 3,Scheme 3
1711,Scheme 3,Scheme 3
1715,Scheme 2,Scheme 2
1718,Scheme 2,Scheme 2
1722,Scheme 2,Scheme 2
1726,Scheme 2,Scheme 2
1731,Scheme 3,Scheme 3
1733,Scheme 3,Scheme 3
1734,Scheme 3,Scheme 3
1738,Scheme 2,Scheme 2
1743,Scheme 3,Scheme 3
1746,Scheme 2,Scheme 2
1747,Scheme 2,Scheme 2
1748,Scheme 2,Scheme 2
1749,Scheme 2,Scheme 2
1759,Scheme 2,Scheme 2
1761,Scheme 2,Scheme 2
1230,Scheme 1,Scheme 1
87,Scheme 1,Scheme 1
640,Scheme 1,Scheme 1
990,Scheme 1,Scheme 1
354,Scheme 1,Scheme 1
905,Scheme 1,Scheme 1
926,Scheme 1,Scheme 1
521,Scheme 1,Scheme 1
590,Scheme 1,Scheme 1
912,Scheme 1,Scheme 1
316,Scheme 1,Scheme 1
857,Scheme 1,Scheme 1
580,Scheme 1,Scheme 1
273,Scheme 1,Scheme 1
797,Scheme 1,Scheme 1
1060,Scheme 1,Scheme 1
444,Scheme 1,Scheme 1
780,Scheme 1,Scheme 1
1689,Scheme 1,Scheme 1
963,Scheme 1,Scheme 1
546,Scheme 1,Scheme 1
327,Scheme 1,Scheme 1
1001,Scheme 1,Scheme 1
1139,Scheme 1,Scheme 1
1400,Scheme 1,Scheme 1
1643,Scheme 1,Scheme 1
1114,Scheme 1,Scheme 1
314,Scheme 1,Scheme 1
1482,Scheme 1,Scheme 1
270,Scheme 1,Scheme 1
704,Scheme 1,Scheme 1
155,Scheme 1,Scheme 1
34,Scheme 1,Scheme 1
1154,Scheme 1,Scheme 1
1003,Scheme 1,Scheme 1
1628,Scheme 1,Scheme 1
840,Scheme 1,Scheme 1
1224,Scheme 1,Scheme 1
1091,Scheme 1,Scheme 1
1411,Scheme 1,Scheme 1
677,Scheme 1,Scheme 1
1369,Scheme 1,Scheme 1
490,Scheme 1,Scheme 1
1668,Scheme 1,Scheme 1
575,Scheme 1,Scheme 1
555,Scheme 1,Scheme 1
560,Scheme 1,Scheme 1
688,Scheme 1,Scheme 1
1361,Scheme 1,Scheme 1
1725,Scheme 1,Scheme 1
1523,Scheme 1,Scheme 1
69,Scheme 1,Scheme 1
652,Scheme 1,Scheme 1
1236,Scheme 1,Scheme 1
416,Scheme 1,Scheme 1
81,Scheme 1,Scheme 1
176,Scheme 1,Scheme 1
685,Scheme 1,Scheme 1
1198,Scheme 1,Scheme 1
967,Scheme 1,Scheme 1
1450,Scheme 1,Scheme 1
1493,Scheme 1,Scheme 1
1544,Scheme 1,Scheme 1
415,Scheme 1,Scheme 1
468,Scheme 1,Scheme 1
893,Scheme 1,Scheme 1
844,Scheme 1,Scheme 1
603,Scheme 1,Scheme 1
690,Scheme 1,Scheme 1
1173,Scheme 1,Scheme 1
85,Scheme 1,Scheme 1
1208,Scheme 1,Scheme 1
1430,Scheme 1,Scheme 1
1534,Scheme 1,Scheme 1
1477,Scheme 1,Scheme 1
250,Scheme 1,Scheme 1
370,Scheme 1,Scheme 1
1613,Scheme 1,Scheme 1
695,Scheme 1,Scheme 1
903,Scheme 1,Scheme 1
1088,Scheme 1,Scheme 1
1279,Scheme 1,Scheme 1
1122,Scheme 1,Scheme 1
597,Scheme 1,Scheme 1
1745,Scheme 1,Scheme 1
102,Scheme 1,Scheme 1
1053,Scheme 1,Scheme 1
1437,Scheme 1,Scheme 1
1702,Scheme 1,Scheme 1
1413,Scheme 1,Scheme 1
1448,Scheme 1,Scheme 1
1700,Scheme 1,Scheme 1
96,Scheme 1,Scheme 1
1577,Scheme 1,Scheme 1
145,Scheme 1,Scheme 1
466,Scheme 1,Scheme 1
297,Scheme 1,Scheme 1
663,Scheme 1,Scheme 1
1539,Scheme 1,Scheme 1
744,Scheme 1,Scheme 1
1284,Scheme 1,Scheme 1
387,Scheme 1,Scheme 1
8,Scheme 1,Scheme 1
17,Scheme 1,Scheme 1
26,Scheme 1,Scheme 1
29,Scheme 1,Scheme 1
36,Scheme 1,Scheme 1
37,Scheme 1,Scheme 1
39,Scheme 1,Scheme 1
43,Scheme 1,Scheme 1
45,Scheme 1,Scheme 1
46,Scheme 1,Scheme 1
48,Scheme 1,Scheme 1
50,Scheme 1,Scheme 1
51,Scheme 1,Scheme 1
55,Scheme 1,Scheme 1
57,Scheme 1,Scheme 1
86,Scheme 1,Scheme 1
100,Scheme 1,Scheme 1
101,Scheme 1,Scheme 1
107,Scheme 1,Scheme 1
114,Scheme 1,Scheme 1
124,Scheme 1,Scheme 1
126,Scheme 1,Scheme 1
127,Scheme 1,Scheme 1
128,Scheme 1,Scheme 1
130,Scheme 1,Scheme 1
148,Scheme 1,Scheme 1
149,Scheme 1,Scheme 1
153,Scheme 1,Scheme 1
163,Scheme 1,Scheme 1
170,Scheme 1,Scheme 1
172,Scheme 1,Scheme 1
180,Scheme 1,Scheme 1
189,Scheme 1,Scheme 1
193,Scheme 1,Scheme 1
241,Scheme 1,Scheme 1
264,Scheme 1,Scheme 1
279,Scheme 1,Scheme 1
296,Scheme 1,Scheme 1
306,Scheme 1,Scheme 1
312,Scheme 1,Scheme 1
321,Scheme 1,Scheme 1
324,Scheme 1,Scheme 1
330,Scheme 1,Scheme 1
332,Scheme 1,Scheme 1
336,Scheme 1,Scheme 1
360,Scheme 1,Scheme 1
368,Scheme 1,Scheme 1
397,Scheme 1,Scheme 1
403,Scheme 1,Scheme 1
413,Scheme 1,Scheme 1
427,Scheme 1,Scheme 1
433,Scheme 1,Scheme 1
445,Scheme 1,Scheme 1
453,Scheme 1,Scheme 1
454,Scheme 1,Scheme 1
465,Scheme 1,Scheme 1
478,Scheme 1,Scheme 1
479,Scheme 1,Scheme 1
486,Scheme 1,Scheme 1
515,Scheme 1,Scheme 1
516,Scheme 1,Scheme 1
518,Scheme 1,Scheme 1
538,Scheme 1,Scheme 1
544,Scheme 1,Scheme 1
592,Scheme 1,Scheme 1
596,Scheme 1,Scheme 1
599,Scheme 1,Scheme 1
609,Scheme 1,Scheme 1
629,Scheme 1,Scheme 1
647,Scheme 1,Scheme 1
662,Scheme 1,Scheme 1
697,Scheme 1,Scheme 1
710,Scheme 1,Scheme 1
724,Scheme 1,Scheme 1
734,Scheme 1,Scheme 1
739,Scheme 1,Scheme 1
765,Scheme 1,Scheme 1
779,Scheme 1,Scheme 1
789,Scheme 1,Scheme 1
807,Scheme 1,Scheme 1
808,Scheme 1,Scheme 1
812,Scheme 1,Scheme 1
820,Scheme 1,Scheme 1
830,Scheme 1,Scheme 1
843,Scheme 1,Scheme 1
874,Scheme 1,Scheme 1
878,Scheme 1,Scheme 1
881,Scheme 1,Scheme 1
887,Scheme 1,Scheme 1
901,Scheme 1,Scheme 1
904,Scheme 1,Scheme 1
920,Scheme 1,Scheme 1
930,Scheme 1,Scheme 1
947,Scheme 1,Scheme 1
955,Scheme 1,Scheme 1
956,Scheme 1,Scheme 1
957,Scheme 1,Scheme 1
959,Scheme 1,Scheme 1
968,Scheme 1,Scheme 1
1004,Scheme 1,Scheme 1
1005,Scheme 1,Scheme 1
1015,Scheme 1,Scheme 1
1017,Scheme 1,Scheme 1
1025,Scheme 1,Scheme 1
1035,Scheme 1,Scheme 1
1046,Scheme 1,Scheme 1
1058,Scheme 1,Scheme 1
1080,Scheme 1,Scheme 1
1087,Scheme 1,Scheme 1
1092,Scheme 1,Scheme 1
1093,Scheme 1,Scheme 1
1102,Scheme 1,Scheme 1
1106,Scheme 1,Scheme 1
1107,Scheme 1,Scheme 1
1127,Scheme 1,Scheme 1
1138,Scheme 1,Scheme 1
1142,Scheme 1,Scheme 1
1151,Scheme 1,Scheme 1
1152,Scheme 1,Scheme 1
1153,Scheme 1,Scheme 1
1161,Scheme 1,Scheme 1
1183,Scheme 1,Scheme 1
1184,Scheme 1,Scheme 1
1192,Scheme 1,Scheme 1
1209,Scheme 1,Scheme 1
1215,Scheme 1,Scheme 1
1227,Scheme 1,Scheme 1
1232,Scheme 1,Scheme 1
1242,Scheme 1,Scheme 1
1251,Scheme 1,Scheme 1
1256,Scheme 1,Scheme 1
1277,Scheme 1,Scheme 1
1283,Scheme 1,Scheme 1
1285,Scheme 1,Scheme 1
1286,Scheme 1,Scheme 1
1293,Scheme 1,Scheme 1
1302,Scheme 1,Scheme 1
1314,Scheme 1,Scheme 1
1326,Scheme 1,Scheme 1
1330,Scheme 1,Scheme 1
1348,Scheme 1,Scheme 1
1360,Scheme 1,Scheme 1
1368,Scheme 1,Scheme 1
1378,Scheme 1,Scheme 1
1388,Scheme 1,Scheme 1
1412,Scheme 1,Scheme 1
1423,Scheme 1,Scheme 1
1426,Scheme 1,Scheme 1
1455,Scheme 1,Scheme 1
1461,Scheme 1,Scheme 1
1462,Scheme 1,Scheme 1
1465,Scheme 1,Scheme 1
1490,Scheme 1,Scheme 1
1503,Scheme 1,Scheme 1
1515,Scheme 1,Scheme 1
1564,Scheme 1,Scheme 1
1593,Scheme 1,Scheme 1
1611,Scheme 1,Scheme 1
1618,Scheme 1,Scheme 1
1631,Scheme 1,Scheme 1
1662,Scheme 1,Scheme 1
1687,Scheme 1,Scheme 1
1709,Scheme 1,Scheme 1
1713,Scheme 1,Scheme 1
1721,Scheme 1,Scheme 1
1723,Scheme 1,Scheme 1
1724,Scheme 1,Scheme 1
1732,Scheme 1,Scheme 1
